Submitted on,Technical Name,Name,Original performer,Original date performed,Video link,Start position,End position,Difficulty,Description,Do you have any tips?
03/12/2022 20:14:59,Expo 360 to Back Yoda Roll,Yodel Roll,Tim Odermatt,17/04/2022,https://www.instagram.com/p/CcdNbmCAWsw/,EXPOSURE,EXPOSURE,8,From Exposure do a 360 and grab the line. Then go into a Back Yoda Roll.,
03/12/2022 20:20:01,Nevermind 360,,Tim Odermatt,26/05/2022,https://www.instagram.com/p/CeCNKq5Fqyc/,NEVERMIND,STAND,7,From Nevermind go up spinning frontside 360 and land back in your normal stance.,
03/12/2022 20:25:31,Neverending Yoda Rolls,Infinity,Tim Odermatt,07/01/2022,https://www.instagram.com/p/CYcI_IRAxQK/,EXPOSURE,EXPOSURE,9,Start out as you would for a one bounce Yoda Roll but then keep rolling. Never stop!,Tim invented this trick when going for a one bounce Double Back Yoda Roll.
03/12/2022 20:29:20,Double Back Han Solo,,Tim Odermatt,06/06/2022,https://www.instagram.com/p/CejUEcrlg2K/,EXPOSURE,EXPOSURE,8,Similar to a Double Back Yoda Roll but grabbing the leash instead of the line.,
03/12/2022 20:35:03,Can of Soup to Backflop,Soup Backflop,Tim Odermatt,18/06/2022,https://www.instagram.com/p/Ce8WJ4YlvTr/,SOUP,KOREAN,8,Do a Can of Soup into a Backflop in the same bounce.,
03/12/2022 20:43:40,Backflip Late 180,,Tim Odermatt,24/07/2022,https://www.instagram.com/p/CgZsOA1l2eG/,STAND,STAND,9,Do a Backflip but then passing Exposure you add a 180 before landing the trick.,Think about landing the normal Backflip in switch so when you add the 180 you are back in your normal stance.
03/12/2022 20:45:37,Barrel Roll to Backflop,Barrelflop,Tim Odermatt,15/07/2022,https://www.instagram.com/p/Cge6C4VFUPm/,STAND,KOREAN,8,Do a Barrel Roll and add a late Backflop.,
03/12/2022 20:54:58,Double Back Yoda Roll 180,Yodermatt,Tim Odermatt,26/08/2022,https://www.instagram.com/p/Ch8Ca0GPEOG/,EXPOSURE,EXPOSURE,9,Double Back Yoda Roll with a 180 in the second Roll.,
03/12/2022 21:06:08,NH Shapeshifter to Feet,Legolas,Tim Odermatt,24/09/2022,https://www.instagram.com/p/Ci5NrdeJqa6/,EXPOSURE,EXPOSURE,9,Jump into the leash doing a frontflip from Exposure then use your foot to step into the leash and then back on the line.,
03/12/2022 21:27:31,Triple Front Yoda Roll,,Emil Breuer,12/07/2022,https://www.instagram.com/p/Cf6TRhogHtO/,EXPOSURE,EXPOSURE,9,Three Front Yoda Rolls in one bounce.,
03/12/2022 21:31:33,Back Almighty from Nevermind,Nevermindhty,Emil Breuer,07/07/2022,https://www.instagram.com/p/CggrqR7gV5j/,NEVERMIND,EXPOSURE,7,Start like a normal Nevermind but then push into the line with the foot that is already on the line to create momentum into a back roll. Use your second foot to hook the line and finish with a Back Almighty.,
28/07/2023 14:24:15,From sofa to handstand to sofa,Catwheel ,Tomáš Michel ,27/05/2023,https://www.instagram.com/reel/CvPiE2goN-l/,SOFA,SOFA,4,"Starting in sofa with ring front you, catch the line on your side and in 75% of way up in the bounce push to handstand to you are fully extended on the top of the bounce, after you continue in motion to side landing in sofa.",Play with handstand from sofa and drop it to leashfall to get feeling of this position and land trick in side rotation.
28/07/2023 14:34:32,From feet to handstand to sofa ,Catwheel from feet ,Tomáš Michel ,27/07/2023,https://www.instagram.com/reel/CvPiE2goN-l/,STAND,SOFA,6,"Before top of bounce you lean to catch line and push to handstand on the top, continue in side motion to drop it to sofa",You should be familiar with basic catwheel and feel comfortable to drop trick from feet.
28/07/2023 14:38:04,From sofa to handstand to exposure ,Catwheel to feet,Tomáš Michel ,29/05/2023,https://www.instagram.com/reel/CvPiE2goN-l/,SOFA,EXPOSURE,7,Starting in sofa push to handstand continue side motion landing to feet.,Have solid Catwheel 
29/08/2023 22:00:36,Triplo shoulder roll,Vortex ,Lucas clemente Pereira ,01/12/2021,https://www.instagram.com/tv/CYTUaA5uwWa/,SHOULDER,SHOULDER,9,Ter o double sholder roll na base ,Executar com muita força 
05/03/2025 16:51:47,Sushi Backflip,Sushi-Flip,Ian Eisenberg,07/08/2022,https://www.instagram.com/p/Cg8_eXWLmXw/,STAND,STAND,10,Start with an early Sushi and add a Backflip to it,
05/03/2025 17:04:41,No-Hands Backflip,,Ian Eisenberg,08/08/2022,https://www.instagram.com/p/Cg_eTDJLsZ6/,STAND,STAND,9,Like a regular Backflip but without using your hands.,
05/03/2025 17:05:22,Backbounce roll half spiral to feet ,Chill,Sakalomo,19/01/2022,https://www.instagram.com/reel/CY6eIm2K4_M/,BACK,STAND,6,"Start from backbounce and grab the line with one hand. Before the top of the bounce throw yourself to the side of the hand that grabs the line. Do a roll below the line, take with both hands and put your feet. ",Timing is key. When you throw yourself think of kicking up with your knees/feet to initiate the rotation.
05/03/2025 17:07:36,BS 360 Rocket Mount,,Ian Eisenberg,14/08/2022,https://www.instagram.com/p/ChPQYxLMAMA/,ROCKET,EXPOSURE,7,Rocket Mount with a 360 spinning to your backside.,
05/03/2025 17:21:01,Rocket Line Bite,Sharkbite,Ian Eisenberg,25/08/2022,https://www.instagram.com/p/ChsA7RvrV7m/,ROCKET,ROCKET,4,From Rocket you pull yourself up so you're able to bite the line and let go with the hands. Then grab the line again and drop back to Rocket.,Watch out to not bite your lips
05/03/2025 17:28:31,Makako to feet with an extra back yoda roll ,Gorilla,Sakalomo,11/08/2022,https://www.instagram.com/reel/ChH21QWAYmw/,NEVERMIND,EXPOSURE,10,Do a makako to feet and add an extra back yoda roll,
05/03/2025 17:28:39,360 Rocket (over Bat-Hang),Batman,Ian Eisenberg,25/08/2022,https://www.instagram.com/p/ChsA7RvrV7m/,ROCKET,ROCKET,5,"You drop to Rocket slightly uncentered such that you can get some momentum by swinging to one side. From there you use the momentum to swing your legs to the other side and all the way up to hook the line with both feet (the Bat-Hang position), you let go with your hands and do a 360 under the line by regrabbing the line on the other side of your feet. Unhook your feet and land back in Rocket.",
05/03/2025 17:35:32,Double Darth Vader,,Justin Wagers / Ian Eisenberg,25/08/2022,https://www.instagram.com/p/ChsjejWLu8d/,ROCKET,EXPOSURE,10,It's a Darth Vader with an extra roll.,
05/03/2025 17:35:32,Backbounce back almighty ,Backalomo,Sakalomo,17/10/2022,https://www.instagram.com/reel/Cj0cYssPTO2/,BACK,EXPOSURE,9,"Do a backbounce, when you stand up hook your foot under the line to do a back almighty.",
05/03/2025 17:40:11,Darkside Almighty,All-Nasty,Ian Eisenberg,27/08/2025,https://www.instagram.com/p/Chxgwo6s6g_/,SOFA,EXPOSURE,8,It's a Darkside Roll but you let go with the hands while you're doing the trick and hook with one foot to finish the trick like a Back Almighty.,
05/03/2025 17:40:13,Back shapeshifter ,A chuparla,Sakalomo,24/10/2022,https://www.instagram.com/reel/CkGq5w3unmy/,EXPOSURE,ROCKET,6,"Bounce hard, almost at the top of the bounce throw yourself backwards and do a backflip without touching the line. Put your hands up and grab the line to end in the rocket position.",
05/03/2025 17:44:40,Chill to shoulder ,Sakalhombro,Sakalomo ,23/12/2022,https://www.instagram.com/reel/Cmg1feNqD52/,BACK,SHOULDER,7,Do a chill but instead of landing on your feet go to shoulder.,
05/03/2025 17:45:31,540 Rocket to Sofa,,Ian Eisenberg,29/08/2022,https://www.instagram.com/p/Ch11yrdsUEG/,ROCKET,SOFA,6,540 from Rocket to Sofa.,
05/03/2025 17:48:56,Backside orbital to feet.,Eclipse ,Sakalomo,10/01/2023,https://www.instagram.com/reel/CnPMRSyDbqI/,STAND,STAND,8,Just like an orbital to feet but throw the line to your backside. Land on your feet.,Timing is key when throwing the line.
05/03/2025 17:49:13,FS 360 Back Almighty,,Ian Eisenberg,01/09/2022,https://www.instagram.com/p/Ch99aJdpyUo/,STAND,STAND,8,Start with a frontside spin and then transition into the Back Almighty,
06/03/2025 13:49:28,Chill to darth Vader ,Chillin Vader,Sakalomo,04/06/2023,https://www.instagram.com/reel/CuSHxPyt1Or/,BACK,EXPOSURE,8,"Go to backbounce, do a chill but instead of going directly to feet do a darth vader motion to end in expo.",
06/03/2025 13:56:28,Nevermind panic roll to feet ,Never panic ,Sakalomo,06/09/2023,https://www.instagram.com/reel/Cw2TcR2MYwg/,NEVERMIND,EXPOSURE,7,Go to nevermind position. When you go up the bounce cross your foot and start a panic roll. Grab the line with both hands and put your feet.,
06/03/2025 14:03:26,Backbounce back almighty 180,Backalomo 180,Sakalomo,30/09/2023,https://www.instagram.com/reel/Cxz3jG-MvFX/,BACK,EXPOSURE,9,"Do a backbounce, when you go up hook your foot on the line and start a back almighty and when you are upside down start a 180 motion, en in feet.",
06/03/2025 14:07:06,Reverse super sonic but instead of a back yoda roll do a back almighty ,Reverse super mighty,Sakalomo,30/09/2023,https://www.instagram.com/reel/Cxz3jG-MvFX/,ROCKET,EXPOSURE,9,Do a reverse súper sonic but instead of doing a back yoda roll do a back almighty ,
07/03/2025 16:03:20,Double super sonic. Rocket to double front yoda ,Emil Doppel-Wumms / david double sonic,Emil ,04/10/2023,https://www.instagram.com/reel/Cx_HE9SsTFX/,ROCKET,EXPOSURE,10,"Go to rocket, kick with your feet to start a super sonic and add an extra front yoda roll.",
07/03/2025 16:06:24,Makako to feet from rocket ,Reverse darth Vader?,Sakalomo,04/10/2023,https://www.instagram.com/reel/Cx_HE9SsTFX/,ROCKET,EXPOSURE,10,"Go to rocket, then kick like you would for a Makako, rotate to land on your feet.",
07/03/2025 16:12:27,Makako feet to feet ,King Kong,Sakalomo,21/01/2024,https://www.instagram.com/reel/C2XluUNMUEV/,STAND,EXPOSURE,10,"With a big bounce , grab the line while starting a roll backwards and from there kick like you would on a Makako. Put both feet on the line to land in expo ",
08/03/2025 09:04:07,Eclipse without touching the line to sofa ,Space eclipse to sofa ,Sakalomo ,08/09/2024,https://www.instagram.com/reel/C_p2waaMiEy/,STAND,SOFA,8,"Do a eclipse bot don’t use your hands to move the line, let the high tension bring the line back down and go to sofa.","You need the right setup, some bungees and a lot of tensión on the line."
08/03/2025 09:06:14,Orbital to Double Drop Knee,,Ian Eisenberg,12/08/2025,https://www.instagram.com/p/Cjkb1LXrFci/,STAND,DOUBLE DROPKNEE,7,"Just do everything as you would for the Orbital to Feet, but then go to Double Drop Knee (or Crook).",
08/03/2025 09:09:57,A sushi pop no hands but leaving the line completely at some point,Space sushi ,Sakalomo,08/09/2024,https://www.instagram.com/reel/C_p2waaMiEy/,STAND,STAND,6,"When you go up before reaching the top let go of the line with your feet, the line should do a sushi pop motion, with the high tensión you should go up while the line stops touching your body. Aim again with your feet to step on the line.",You need the right setup up. Some bungees and a lot of tension on the line.
08/03/2025 09:14:31,Darth Vader from Shoulder,Shoulder Vader,Ian Eisenberg,02/03/2023,https://www.instagram.com/p/CpSmWVMNfNC/,SHOULDER,EXPOSURE,8,From Shoulder you initiate a Back Shoulder Roll but then you quickly let go with the far hand and turn more sideways. From there you finish with a Darth Vader.,
08/03/2025 09:15:08,Sushi pop no hands from sofa late 360 to korean,Space sushi late 360,Sakalomo,08/09/2024,https://www.instagram.com/reel/C_p2waaMiEy/,STAND,KOREAN,8,"Do a sushi pop no hands to sofa, then when you stop touching the line do a late 360, grab the line and end in korean.",You need the right setup. Some bungees and a lot of tension on the line.
08/03/2025 09:23:00,Front almighty with no hook,Impossible,Sakalomo,08/09/2024,https://www.instagram.com/reel/C_p2waaMiEy/,EXPOSURE,EXPOSURE,10,"Do a front almighty but don’t use the foot to hook, just push the line to the side,  do the front flip and almost at the end of the rotation put your feet again to land in exposure.",You need the right setup. Some bungees and a lot of tension in the line.
08/03/2025 09:23:20,180 Sick Nasty Roll,Freak Nasty Roll,Ian Eisenberg,17/04/2023,https://www.instagram.com/p/CrJd3OYPBmz/,SOFA,SOFA,7,Start with a Sick Nasty but add a 180 spin and finish with a Sick Nasty Roll,
08/03/2025 09:29:54,Space eclipse to double drop knee ,Space eclipse to DDK,Tim odermatt ,08/09/2024,https://www.instagram.com/reel/C_p2waaMiEy/,STAND,DROPKNEE,10,"Do a eclipse but don’t touch the line with your hands, once the line goes around you land on DDK",You need the right setup. Some bungees and a lot of tension.
08/03/2025 09:32:21,Eclipse fett to feet without using the hands.,Space eclipse ,Sakalomo,08/09/2024,https://www.instagram.com/reel/C_p2waaMiEy/,STAND,STAND,10,Do an eclipse but don’t touch the line with your hands. Once the line goes around out your feet again. The timing of the kick is key.,
08/03/2025 09:32:34,180 Boomerang to Feet,Nerd Flip,Ian Eisenberg,13/05/2023,https://www.instagram.com/p/CsL-QT4ucWR/,SOFA,EXPOSURE,9,Start with a normal Boomerang but instead of finishing it with a Sick Nasty Roll you finish it with a Rubiks Cube.,
08/03/2025 09:37:49,Darth Vader from Double Drop Knee,Kneisenvader,Ian Eisenberg,23/05/2023,https://www.instagram.com/p/Cslw6UhMg6d/,DOUBLE DROPKNEE,EXPOSURE,8,From Double Drop Knee Roll to the front until you are in the Rocket position and then use the momentum to finish with a Darth Vader,
08/03/2025 09:44:23,Supersonic to Darth Vader,Supervader,Ian Eisenberg,03/07/2023,https://www.instagram.com/p/CuPrkp_Psrw/,ROCKET,EXPOSURE,9,Supersonic to Darth Vader... Not much else to say here!,
08/03/2025 09:48:33,360 Supersonic,,Ian Eisenberg,13/07/2023,https://www.instagram.com/p/C-GAIBNskkO/,ROCKET,EXPOSURE,9,Supersonic with a 360.,
08/03/2025 09:52:37,Darth kako with extra yoda roll ,Sauron,Sakalomo,10/10/2024,https://www.instagram.com/reel/DA8FTrJs5jp/,NEVERMIND,EXPOSURE,10,"Go to nevermind, from there start a darth kako, on mice you get the roll add another yoda roll. Land in exposure",
08/03/2025 09:57:57,Sakalorbital without touching the line with your hands ,Space sakalorbital,Sakalomo,26/10/2024,https://www.instagram.com/reel/DBllnO2shH7/,STAND,STAND,10,"Do a sakalorbital by kicking the line almost at the highest point of the bounce, rotate 180 let the line go around you and land again on your feet. ",
08/03/2025 09:59:08,FS 540 Back Almighty,,Ian Eisenberg,30/07/2023,https://www.instagram.com/p/CvUuGMUruQ3/,STAND,STAND,9,Just watch the video.. It's hard to describe :D,
08/03/2025 10:03:12,180 Eisenvader,Apocalypse,Ian Eisenberg,06/08/2023,https://www.instagram.com/p/Cvmt1bFNrhg/,EXPOSURE,EXPOSURE,9,Start with a normal Eisenvader but as soon as you are in the Rocket position you turn 180 and regrab the line to finish with a Reverse Rocket Mount.,
08/03/2025 10:06:11,180 Reverse Supersonic,,Samuel Volery,09/08/2023,https://www.instagram.com/p/CvuP3_usiQD/,ROCKET,EXPOSURE,8,From Rocket you immediately spin 180 and regrab the line and then finish with a Reverse Supersonic.,
08/03/2025 10:07:21,Front side 180 space eclipse to feet ,Space lord,Sakalomo,03/12/2024,https://www.instagram.com/reel/DDHFF09Mwmp/,STAND,STAND,10,"Do a space eclipse, when you kick the line rotate 180 to your front side, let the line go around you and land on your feet.",
08/03/2025 10:12:01,Makako to feet but at one point not touching the line,Space kako,Sakalomo,19/12/2024,https://www.instagram.com/reel/DDwQUL2sEv1/,NEVERMIND,EXPOSURE,10,"Go to nevermind, start a Makako but let go the line with your hands, do the rotation until your feet find the line, end in exposure.",
08/03/2025 10:13:50,180 Exposure Backflip to Rocket,Darth Maul,Logan Henning,04/05/2023,https://www.instagram.com/p/Cr2RxoYLEPT/,EXPOSURE,ROCKET,6,"From Expo you lean back as much as possible (as if you would do a back bridge) until you reach the line with one hand. Spin 180 and grab the line with the second hand, so that you end up in Rocket.",
08/03/2025 10:19:01,360 Front Sofa Roll to Feet,Front Nirvana,Ian Eisenberg,23/08/2023,https://www.instagram.com/p/CwTGyDcMBRb/,SOFA,EXPOSURE,6,"From Sofa you grab the line with both hands on the side and initiate a roll to the front. You immediately go into Belly and keep rolling but then add another 180, regrab one hand and land in Expo.",
08/03/2025 10:25:03,Leash Sideflip to Feet,Beyblade,Ian Eisenberg,10/09/2023,https://www.instagram.com/p/CxBnTmsMDEA/,LEASH,EXPOSURE,8,Drop to Rocket but with the leash wrapped around your legs. Then do a sideflip using the momentum that the wrapped leash gives you and go to feet.,
09/03/2025 08:48:06,Space orbital from korean ,Space korean,Tim Odermatt,05/01/2025,https://www.instagram.com/reel/DEcYgbmo4Sp/,KOREAN,KOREAN,8,From korean change your leg to butt and from there let the line go to do a space orbital. Use your leg to catch the line in korean.,
09/03/2025 09:06:47,Chill sick nasty roll,Chill Nasty Roll,Sakalomo,08/01/2025,https://www.instagram.com/reel/DEkNWTOM8Ag/,BACK,SOFA,6,"Go to backbounce, grab the line below your back and throw your body to the same side of the grabbing hand, start a chill but instead of going to feet do a sick nasty roll. ",
09/03/2025 09:11:22,Back side 180 space orbital,Bs space lord ,Sakalomo,23/01/2025,https://www.instagram.com/reel/DFLv6RKMgkE/,STAND,STAND,10,Do a space orbital but add a back side 180 to land facing the other anchor.,
09/03/2025 09:16:54,BS 180 Holy Crook,,Ian Eisenberg,08/10/2023,https://www.instagram.com/p/CyJOOvGMv29/,EXPOSURE,DOUBLE DROPKNEE,9,180 Almighty to DDK with an extra DDK roll.,
09/03/2025 09:25:57,Front yoda double rewind ,Rewind turtle,Tim Odermatt,07/12/2022,https://www.instagram.com/reel/Cl3_96FrE-4/,EXPOSURE,EXPOSURE,8,Do a front yoda but change the direction of the spin to do a rewind and add another back yoda roll.,
09/03/2025 09:30:56,No hands nirvana ,Nirvana Attack,Carlo Cozzio,13/01/2023,https://www.instagram.com/reel/CnXEHTsoKhC/,SOFA,EXPOSURE,8,Do a nirvana but instead of using your hands put hook your foot to spin.,
09/03/2025 09:31:19,FS 360 Orbital to Feet,Full Orbit,Ian Eisenberg,23/10/2023,https://www.instagram.com/p/CyyRTTcMd-C/,STAND,STAND,8,Start with a FS 180 then grab the line and do an Orbital but spin another 180 before landing it.,"Make sure to keep your body upright, otherwise you might end up just doing a Barrel Roll."
09/03/2025 09:35:30,No hands can of soup 180,No soup 180,Tim Odermatt,31/01/2023,https://www.instagram.com/reel/CoFh3imuH_k/,SOUP,STAND,7,"Start form soup position, hook your foot to do a no soup and add a late 180.",
09/03/2025 09:35:50,180 Yisus Mount,,Ian Eisenberg,08/11/2023,https://www.instagram.com/p/CzZdIU_sr7I/,YISUS,EXPOSURE,5,"From Yisus let one hand go and step the same foot on the line, then put the second foot and let go with the second hand to land in Expo or Normal.",
09/03/2025 09:43:23,Front Sofa Roll to Front Nirvana,360 Tamatta Roll,Ian Eisenberg,21/12/2023,https://www.instagram.com/p/C1IEj5vMzu6/,SOFA,EXPOSURE,8,Start with a Front Sofa Roll and then go into a Front Nirvana.,
09/03/2025 09:45:37,Korean 720 to feet,Flower Power,Tim Odermatt,09/06/2023,https://www.instagram.com/reel/CtRx_JwuWvS/,KOREAN,STAND,7,"From Korean start like you would do a flow but do 2 full spins, land on your feet.",
09/03/2025 09:55:24,Shoulder roll almighty ,Shoulder roll almighty ,Tim Odermatt ,04/08/2023,https://www.instagram.com/reel/Cvhg5d0JQCf/,SHOULDER,STAND,9,"Do a shoulder roll to feet, instead of putting the second foot on the line do a hook to end with an almighty.",
09/03/2025 09:57:49,No-Hands Rubiks Cube,Sugar Cube,Ian Eisenberg,29/01/2024,https://www.instagram.com/p/C2sml_5s4Bv/,SOFA,EXPOSURE,8,"From Butt you spin backside and roll to your back, hook the line with your kneepit then put your other leg over the line so that you can step on the line with the hooking leg and finally put the second foot on the line.",
09/03/2025 10:01:12,BS 360 Back Dirty Sofa,,Ian Eisenberg,31/01/2024,https://www.instagram.com/p/C2xfEkwsvrz/,SOFA,EXPOSURE,8,Just watch the video...,
09/03/2025 10:02:40,BS 180 Orbital to Feet,,Ian Eisenberg,02/02/2024,https://www.instagram.com/p/C222ouysWJa/,STAND,STAND,7,Start with a BS 180 and then finish with an Orbital to Feet,
09/03/2025 10:03:13,Han Solo Rewind,Han Solo Rewind,Tim Odermatt,28/08/2023,https://www.instagram.com/reel/Cwfrn3nsFWc/,EXPOSURE,EXPOSURE,7,Do a Han Solo but instead of doing the full rotation change the direction of the roll to land in exposure.,
09/03/2025 10:05:27,180 Han Solo,180 Han Solo,Tim Odermatt,28/08/2023,https://www.instagram.com/reel/Cwfrn3nsFWc/,EXPOSURE,EXPOSURE,7,"Do a 180 from exposure while grabbing the leash, then do a Han Solo.",
09/03/2025 10:06:19,FS 540 Orbital to Feet,,Ian Eisenberg,05/02/2024,https://www.instagram.com/p/C2-O7OWM42H/,STAND,STAND,9,Start with a FS 360 and finish with a Sakalorbital,
09/03/2025 10:07:36,Double Han Solo,Double Han Solo,Tim Odermatt,28/08/2023,https://www.instagram.com/reel/Cwfrn3nsFWc/,EXPOSURE,EXPOSURE,7,Grab the leash and pull to do the roll 2 times.,
09/03/2025 10:11:07,Double Sick Nasty,Double Nasty,Ian Eisenberg,18/02/2024,https://www.instagram.com/p/C3furPNsZIc/,SOFA,SOFA,8,Like a Sick Nasty but keep it going and add another one.,
09/03/2025 10:11:57,Almighty back flop,Almighty Flop,Tim Odermatt ,31/08/2023,https://www.instagram.com/reel/CwnMBX5sCYd/,STAND,KOREAN,7,Do a almighty when you finish the rotation di a backflop,
09/03/2025 10:13:24,Front Nevermighty,,Ian Eisenberg,20/02/2024,https://www.instagram.com/p/C3lT84kM27H/,NEVERMIND,EXPOSURE,7,Almighty from Nevermind,
09/03/2025 10:16:24,FS 180 Front Nevermighty,,Ian Eisenberg,20/02/2024,https://www.instagram.com/p/C3lT84kM27H/,NEVERMIND,EXPOSURE,8,FS 180 Almighty from Nevermind.,
09/03/2025 10:22:02,Backbounce back almighty 360,Backbounce back almighty 360,Tim Odermatt ,10/10/2023,https://www.instagram.com/reel/CyN294oMgMv/,BACK,STAND,9,"Start from backbounce get up, hook your foot under the line and do a 360 back almighty ",
09/03/2025 10:22:59,FS 360 Nevermighty,,Ian Eisenberg,20/02/2024,https://www.instagram.com/p/C3lT84kM27H/,NEVERMIND,EXPOSURE,8,360 Almighty from Nevermind.,
09/03/2025 10:25:46,Front Yoda Rewind 180,Yoda Rewind 180,Tim Odermatt ,01/11/2023,https://www.instagram.com/reel/CzG-hrAskPz/,EXPOSURE,EXPOSURE,8,Do a frot yoda roll rewind but add a 180 at the last roll.,
09/03/2025 10:28:33,Orbital Backflip,,Ian Eisenberg,28/03/2024,https://www.instagram.com/p/C5EmPf-sdCi/,STAND,STAND,8,Start with an Orbital and finish with a Backflip.,
09/03/2025 10:35:31,Shoulder-Vader to Shoulder,Invader,Ian Eisenberg,13/04/2024,https://www.instagram.com/p/C5tVw_BsUmx/,SHOULDER,SHOULDER,8,Shoulder-Vader but not going to feet but to Shoulder.,
09/03/2025 10:41:34,On-Handed Orbital to feet,On-Handed Orbital,Tim Odermatt ,18/04/2024,https://www.instagram.com/reel/C56Gqsuselh/,STAND,STAND,7,Do an orbital but only use one hand to get the line to your feet again.,
09/03/2025 10:46:40,Double Dislocator ,Double Dislocator,Tim Odermatt ,09/07/2024,https://www.instagram.com/reel/C9Nbr3xMQTq/,ROCKET,EXPOSURE,8,Go to dislocator from there do a double roll to feet ,
10/03/2025 10:50:52,No hook back almighty ,Back imposible ,Tim Odermatt ,22/12/2024,https://www.instagram.com/reel/DD5O08MoepV/,STAND,STAND,9,A back almighty but without putting the hook,You need a lot of tension and maybe some bungees.
10/03/2025 10:54:22,No hands front sofa roll to feet ,Sofa impossible ,Tim Odermatt ,11/01/2025,https://www.instagram.com/reel/DEr5xmMoeTx/,SOFA,EXPOSURE,8,"Do a front sofa roll but don’t use the hands, throw yourself at the top, do the roll and catch the line with your feet.",
10/03/2025 11:11:31,Backbounce 180 spin backbounce ,Turtle Bros,Gon Caturelli,30/01/2023,https://www.instagram.com/reel/CoCwNEPDmd1/,BACK,BACK,5,"From backbounce gran the line behind your head, pull so you start spinning on a horizontal axis. End facing the other anchor in backbounce",
10/03/2025 11:13:50,Resurrection 180,Llamarada Yisus,Gon Caturelli,30/01/2023,https://www.instagram.com/reel/CoCwNEPDmd1/,YISUS,EXPOSURE,7,From yisus do a resurrection motion but add a 180 to land on your feet.,
10/03/2025 11:20:10,Backbounce 360 spin to korean,Tortuga Koreana / korean turtle,Gon Caturelli,12/04/2023,https://www.instagram.com/reel/Cq8MTfKum12/,BACK,KOREAN,6,From backbounce grab the line behind your head and do a 360 spin to end in korean.,
10/03/2025 11:30:21,Shoulder resurrection ,Shoulder resurrection ,Gon Caturelli,31/07/2023,https://www.instagram.com/reel/CvXWB58sjX4/,SHOULDER,EXPOSURE,7,From shoulder go to yisus and from there do a resurrection ,
11/03/2025 20:21:01,Rocket Orbital to Feet,,Ian Eisenberg,21/05/2024,https://www.instagram.com/p/C7PGtbltFCM/,ROCKET,EXPOSURE,7,From Rocket Mount you do the second half of the Orbital motion and land to feet.,
11/03/2025 20:31:30,FS 540 Rocket Mount,,Ian Eisenberg,29/06/2024,https://www.instagram.com/p/C8zNkF0sWpo/,ROCKET,EXPOSURE,8,"There are multiple ways to do this one, but one version is to do a Full Rocket followed by a Rocket 180 to Feet, meaning that the first 360 spin you do with the line at chest height and then go to feet on the finishing 180.",
11/03/2025 20:34:55,Reverse Rocket Mount Late 180,,Ian Eisenberg,30/06/2024,https://www.instagram.com/p/C817747Mly3/,ROCKET,EXPOSURE,6,"Reverse Rocket Mount but just before putting both feet on the line as you would normally, spin 180 and land in Expo.",
11/03/2025 20:37:27,540 Sick Nasty,5Nasty,Ian Eisenberg,30/06/2024,https://www.instagram.com/p/C817747Mly3/,SOFA,SOFA,6,Begin with a Tre-Nasty but then regrab with your hands and add another 180 in the end.,
11/03/2025 20:43:07,360 Double Darth Vader,MasterVader,Ian Eisenberg,08/07/2024,https://www.instagram.com/p/C9U2gAVMFz6/,ROCKET,EXPOSURE,9,360 Darth Vader followed by another roll to feet,
11/03/2025 20:51:03,King Prawn to Shoulder,Shoulder Prawn,Ian Eisenberg,22/08/2024,https://www.instagram.com/p/C--bsTgiSON/,ROCKET,SHOULDER,7,King Prawn to Shoulder,
11/03/2025 21:05:30,Cork 540 Space Orbital to Feet,Spork,Ian Eisenberg,07/11/2024,https://www.instagram.com/p/DCFUuNAO2zK/,STAND,STAND,9,...,
11/03/2025 21:13:43,Double Shoulder Vader,,Ian Eisenberg,20/09/2024,https://www.instagram.com/p/DGTgGw4sJyp/,SHOULDER,EXPOSURE,9,ShoulderVader with an additional roll.,
18/03/2025 07:52:17,Shoulder Frontroll to Shoulder,Shoulder Frontflip,Sebastian Egger,18/11/2022,https://www.instagram.com/p/Craw32qgRH3/,SHOULDER,SHOULDER,4,From Shoulder do a Frontroll but don't stop in Korean but keep going to land in Shoulder.,
18/03/2025 07:59:23,360 Backbounce to Backbounce,Backbounce Spiral,Sebastian Egger,18/12/2022,https://www.instagram.com/p/CnXOzwgK3qb/,BACK,BACK,5,From Backbounce grab the line with one hand below your back and step on the line with the opposite foot. Turn towards the chest and swap both your hands and feet to be able to finish the full rotation.,
18/03/2025 08:05:03,Hammock Backroll from Feet to Feet,Lasagna Flip,Sebastian Egger,02/02/2024,https://www.instagram.com/p/C25OqhrM8zh/,STAND,STAND,9,Start with an early Hammock Roll from Feet and just when you finished the Hammock Roll part you add a Backroll to Feet.,
18/03/2025 08:09:25,Dislocate Resurrection,Dislocator,Sebastian Egger,19/06/2024,https://www.instagram.com/p/C8aFBqrMHZc/,ROCKET,EXPOSURE,6,Drop to Dislocate and finish the trick like you would for a Resurrection,"Make sure your shoulders are ready for it! First try it statically from Rocket, then drop in from Sofa and only when this feels safe you can start trying from feet."
18/03/2025 08:12:54,Shoulder Roll Frontroll to Feet,,Sebastian Egger,18/06/2024,https://www.instagram.com/p/C85JKKtMsy4/,SHOULDER,STAND,8,Start with a Shoulder Roll then add a Frontroll to Feet.,
18/03/2025 08:16:13,FS 180 Shoulder Spin,,Sebastian Egger,18/08/2024,https://www.instagram.com/p/C-qfaMXS70_/,SHOULDER,SHOULDER,5,Spin 180 on your shoulder. You first have to regrab the far hand then to finish on the other shoulder you have to regrab the close hand (which on the other shoulder is now the far hand).,
18/03/2025 08:19:39,FS 360 Shoulder Spin,,Sebastian Egger,15/05/2024,https://www.instagram.com/p/C-5Bp3My3vw/,SHOULDER,SHOULDER,7,Watch the video...,
18/03/2025 08:24:36,360 Nevermind Roll to Feet,,Sebastian Egger,12/09/2024,https://youtu.be/r6hcjIbrbr8?t=229,NEVERMIND,EXPOSURE,8,Nevermind with a roll and a 360 ending in Expo.,
18/03/2025 08:26:34,FS 540 Nevermind,,Sebastian Egger,19/09/2024,https://youtu.be/r6hcjIbrbr8?t=236,NEVERMIND,EXPOSURE,8,Nevermind with a FS 540 spin.,
18/03/2025 08:29:37,NH BS 180 Backflip,,Sebastian Egger,20/09/2024,https://youtu.be/r6hcjIbrbr8?t=263,STAND,STAND,8,180 Backflip but without using your hands,
18/03/2025 08:38:24,Leash Rewind to Rocket Mount,Rewind Yo-Yo,Sebastian Egger,19/09/2025,https://youtu.be/r6hcjIbrbr8?t=281,LEASH,EXPOSURE,8,You drop to a leashfall and in the bottom of the bounce you wind yourself up in the leash then unwind again and use the momentum to get back up to the line. Finish in Expo.,"You should probably wear a cup to protect your genitals (males and females!).
Having a shorter leash for this trick helps."
18/03/2025 08:42:22,Leash Rewind to Reverse Rocket Mount,Reverse Rewind Yo-Yo,Sebastian Egger,19/09/2024,https://www.youtube.com/watch?v=r6hcjIbrbr8&t=300s,LEASH,EXPOSURE,9,"Drop to a leashfall and in the bottom of the bounce you wind yourself up in the leash, then unwind again and use the momentum to get back up to the line. Finish with a Reverse Rocket Mount.","You should probably wear a cup to protect your genitals (males and females!).
A short leash helps for this trick."
14/04/2025 20:27:40,Triple Can of Soup,Robinspin,Jordan Robinson,26/03/2025,https://www.youtube.com/shorts/Zch-UMRZAhc,SOUP,STAND,9,Three rolls from soup to standing in one bounce.,Doing the trick chongo-style with a down leg for all three rotations lets you use that leg to huck each time you come around.
25/06/2025 04:01:14,Is a Ddk 360 BS to spiral (360) to chest ,Misty Spin Roll ,José Perales ,20/06/2025,,DOUBLE DROPKNEE,CHEST,6,Is a ddk 360 BS to other Spin like a spiral in trickline under line to chest ,"Stay on the opposite side of the ddk to start the second turn below the line, all in one turn."
30/08/2025 17:02:01,Quad Back Yoda,,Davis Hermes,01/08/2025,,EXPOSURE,EXPOSURE,10,Four Back Yodas in one bounce. Sounds hard right? It is!,
01/11/2025 20:15:36,Panic Roll to Darkside Roll in the same bounce. Could also be considered a Panic Roll Rewind to Feet.,Doombringer,Jordan Robinson,30/08/2025,,SOFA,EXPOSURE,8,Do a Panic Roll and set up for a Darkside Roll out of it. Similar to a Bangarang but starting with a Panic Roll.,"The Panic Roll should be as fast as you can muster without the rotational force opening up your legs so that you can't get them on the line. I try to aim to get my feet on the line as quickly as possible so that I have something to pull against for the second half. Hand positioning for the Panic Roll is super wide so that there's space to fit the legs in between them.

The leash ring is best left between the legs but with the leash rope wrapped around the back of your leg so that you unwrap it during the Panic Roll. This will make it so that on the Darkside Roll portion of the trick the leash ring/rope is outside of your hands and completely out of the way of your feet as you sneak them onto the line.

If you're slow with getting your second foot up for the Darkside portion you'll end up imbalanced in the direction of the line and can fall sideways into it like an overhooked Almighty.

For me this trick took 7 bounces minimum."
23/12/2025 10:30:48,360 holy grail ,,Lukas Blenkinsopp,14/12/2025,,STAND,STAND,9.5,Start with a 360 almighty as you complete the first rotation reach down and grab the line and do a front barrel/yoda,Focus on grabbing the line as you do the almighty so that you are grabbing the line as you come around on the top almighty to whip the barrel around quickly 
25/12/2025 16:17:29,From korean sick nastyroll to Nevermid ,Sick nastyroll and Nevermid ,José Perales,22/12/2025,,KOREAN,NEVERMIND,6,From korean sick nastyroll to Nevermid ,Step on it hard
25/12/2025 16:41:57,Back Korean 180 roll to Nevermid ,Fire Mind,José Perales ,22/12/2025,,KOREAN,NEVERMIND,6,"From Korean, rotate backward, taking the line, making a roll, and following that roll into the Nevermid stance, ending in feet.",Step on it hard
-,Korean 180,,,,https://www.youtube.com/watch?v=3GWR5ZzSRBg,KOREAN,KOREAN,1,"From Korean grab the line with both hands in front of you. Towards the top of the bounce swing one leg over the line so that you end up in the belly position. Then swing the other leg over the line so that you are back in Korean, only facing the other direction this time.","If it is hard to get the first leg over the line, try starting later in the bounce;As a preexercise you can practice the transition from Korean to Belly and vice verse in isolation before putting them together;"
,Sick Nasty 180,,,,,,,,,
